"","unfixed","unfixedNums"
"1","40",133
"2","woman",243
"3","gender",391
"4","agender (woman)",553
"5","non binary",644
"6","masculino",664
"7","femail",740
"8","woman",860
"9","androgynous",1009
"10","woman",1023
"11","trans man",1026
"12","woman",1029
"13","femail",1142
"14","man",1385
"15","woman",1619
"16","male.",1750
"17","54",1760
"18","non-binary",1782
"19","%",1887
"20","mail",1912
"21","woman",1952
"22","man",2009
"23","transgender man",2165
"24","transgender",2190
"25","female to non-binary",2221
"26","asian",2301
"27","woman",2378
"28","masculino",2667
"29","masculino",2723
"30","woman",2750
"31","man",2758
"32","woman",3235
"33","masculino",3240
"34","man",3313
"35","masculino",3355
"36","man/male",3414
"37","woman",3437
"38","demigirl",3447
"39","man",3500
"40","femenina",3519
"41","masculino",3544
"42","masculino",3570
"43","man",3578
"44","man",3739
"45","woman",3784
"46","woman",3929
"47","woman",4172
"48","woman",4204
"49","woman",4424
"50","transmasculine",4430
"51","males",4469
"52","gender",4536
"53","gender is a social construct - i'm sexually female",4861
"54","man",4887
"55","woman",5176
"56","femail",5222
"57","woman",5551
"58","non binary",5755
"59","transmale",5814
"60","woman",5946
"61","femail",6043
"62","apache helicopter... just kidding. there are only two. i am a male.",6053
"63","mail",6070
"64","woman",6120
"65","masculino",6170
"66","woman",6264
"67","woman",6378
"68","masculino",6478
"69","woman",6492
"70","man",6573
"71","man",6705
"72","male(sex, gender is a silly construct)",6898
"73","non-binary",6929
"74","man",6949
"75","femail",6962
"76","ftm",7045
"77","woman",7294
"78","transsexual male (ftm)",7314
"79","mslr",7539
"80","agender",7557
"81","masculino",7656
"82","woman",7682
